time,NOYS
2025-09-01T00:10:00Z,https://files.obsea.es/acoustics/audio/naxys/2025/09/01/NAXYSSN0010_20250901T001000.flac
2025-09-01T00:20:00Z,https://files.obsea.es/acoustics/audio/naxys/2025/09/01/NAXYSSN0010_20250901T002000.flac
2025-09-01T00:30:00Z,https://files.obsea.es/acoustics/audio/naxys/2025/09/01/NAXYSSN0010_20250901T003000.flac
2025-09-01T00:40:00Z,https://files.obsea.es/acoustics/audio/naxys/2025/09/01/NAXYSSN0010_20250901T004000.flac
2025-09-01T00:50:00Z,https://files.obsea.es/acoustics/audio/naxys/2025/09/01/NAXYSSN0010_20250901T005000.flac
2025-09-01T01:00:00Z,https://files.obsea.es/acoustics/audio/naxys/2025/09/01/NAXYSSN0010_20250901T010000.flac
2025-09-01T01:10:00Z,https://files.obsea.es/acoustics/audio/naxys/2025/09/01/NAXYSSN0010_20250901T011000.flac
2025-09-01T01:20:00Z,https://files.obsea.es/acoustics/audio/naxys/2025/09/01/NAXYSSN0010_20250901T012000.flac
2025-09-01T01:30:00Z,https://files.obsea.es/acoustics/audio/naxys/2025/09/01/NAXYSSN0010_20250901T013000.flac
2025-09-01T01:40:00Z,https://files.obsea.es/acoustics/audio/naxys/2025/09/01/NAXYSSN0010_20250901T014000.flac
2025-09-01T01:50:00Z,https://files.obsea.es/acoustics/audio/naxys/2025/09/01/NAXYSSN0010_20250901T015000.flac
2025-09-01T02:00:00Z,https://files.obsea.es/acoustics/audio/naxys/2025/09/01/NAXYSSN0010_20250901T020000.flac
2025-09-01T02:10:00Z,https://files.obsea.es/acoustics/audio/naxys/2025/09/01/NAXYSSN0010_20250901T021000.flac
2025-09-01T02:20:00Z,https://files.obsea.es/acoustics/audio/naxys/2025/09/01/NAXYSSN0010_20250901T022000.flac
2025-09-01T02:30:00Z,https://files.obsea.es/acoustics/audio/naxys/2025/09/01/NAXYSSN0010_20250901T023000.flac
2025-09-01T02:40:00Z,https://files.obsea.es/acoustics/audio/naxys/2025/09/01/NAXYSSN0010_20250901T024000.flac
2025-09-01T02:50:00Z,https://files.obsea.es/acoustics/audio/naxys/2025/09/01/NAXYSSN0010_20250901T025000.flac
2025-09-01T03:00:00Z,https://files.obsea.es/acoustics/audio/naxys/2025/09/01/NAXYSSN0010_20250901T030000.flac
2025-09-01T03:10:00Z,https://files.obsea.es/acoustics/audio/naxys/2025/09/01/NAXYSSN0010_20250901T031000.flac
2025-09-01T03:20:00Z,https://files.obsea.es/acoustics/audio/naxys/2025/09/01/NAXYSSN0010_20250901T032000.flac
2025-09-01T03:30:00Z,https://files.obsea.es/acoustics/audio/naxys/2025/09/01/NAXYSSN0010_20250901T033000.flac
2025-09-01T03:40:00Z,https://files.obsea.es/acoustics/audio/naxys/2025/09/01/NAXYSSN0010_20250901T034000.flac
2025-09-01T03:50:00Z,https://files.obsea.es/acoustics/audio/naxys/2025/09/01/NAXYSSN0010_20250901T035000.flac
2025-09-01T04:00:00Z,https://files.obsea.es/acoustics/audio/naxys/2025/09/01/NAXYSSN0010_20250901T040000.flac
2025-09-01T04:10:00Z,https://files.obsea.es/acoustics/audio/naxys/2025/09/01/NAXYSSN0010_20250901T041000.flac
2025-09-01T04:20:00Z,https://files.obsea.es/acoustics/audio/naxys/2025/09/01/NAXYSSN0010_20250901T042000.flac
2025-09-01T04:30:00Z,https://files.obsea.es/acoustics/audio/naxys/2025/09/01/NAXYSSN0010_20250901T043000.flac
2025-09-01T04:40:00Z,https://files.obsea.es/acoustics/audio/naxys/2025/09/01/NAXYSSN0010_20250901T044000.flac
2025-09-01T04:50:00Z,https://files.obsea.es/acoustics/audio/naxys/2025/09/01/NAXYSSN0010_20250901T045000.flac
2025-09-01T05:00:00Z,https://files.obsea.es/acoustics/audio/naxys/2025/09/01/NAXYSSN0010_20250901T050000.flac
2025-09-01T05:10:00Z,https://files.obsea.es/acoustics/audio/naxys/2025/09/01/NAXYSSN0010_20250901T051000.flac
2025-09-01T05:20:00Z,https://files.obsea.es/acoustics/audio/naxys/2025/09/01/NAXYSSN0010_20250901T052000.flac
2025-09-01T05:30:00Z,https://files.obsea.es/acoustics/audio/naxys/2025/09/01/NAXYSSN0010_20250901T053000.flac
2025-09-01T05:40:00Z,https://files.obsea.es/acoustics/audio/naxys/2025/09/01/NAXYSSN0010_20250901T054000.flac
2025-09-01T05:50:00Z,https://files.obsea.es/acoustics/audio/naxys/2025/09/01/NAXYSSN0010_20250901T055000.flac
2025-09-01T06:00:00Z,https://files.obsea.es/acoustics/audio/naxys/2025/09/01/NAXYSSN0010_20250901T060000.flac
2025-09-01T06:10:00Z,https://files.obsea.es/acoustics/audio/naxys/2025/09/01/NAXYSSN0010_20250901T061000.flac
2025-09-01T06:20:00Z,https://files.obsea.es/acoustics/audio/naxys/2025/09/01/NAXYSSN0010_20250901T062000.flac
2025-09-01T06:30:00Z,https://files.obsea.es/acoustics/audio/naxys/2025/09/01/NAXYSSN0010_20250901T063000.flac
2025-09-01T06:40:00Z,https://files.obsea.es/acoustics/audio/naxys/2025/09/01/NAXYSSN0010_20250901T064000.flac
2025-09-01T06:50:00Z,https://files.obsea.es/acoustics/audio/naxys/2025/09/01/NAXYSSN0010_20250901T065000.flac
2025-09-01T07:00:00Z,https://files.obsea.es/acoustics/audio/naxys/2025/09/01/NAXYSSN0010_20250901T070000.flac
2025-09-01T07:10:00Z,https://files.obsea.es/acoustics/audio/naxys/2025/09/01/NAXYSSN0010_20250901T071000.flac
2025-09-01T07:20:00Z,https://files.obsea.es/acoustics/audio/naxys/2025/09/01/NAXYSSN0010_20250901T072000.flac
2025-09-01T07:30:00Z,https://files.obsea.es/acoustics/audio/naxys/2025/09/01/NAXYSSN0010_20250901T073000.flac
2025-09-01T07:40:00Z,https://files.obsea.es/acoustics/audio/naxys/2025/09/01/NAXYSSN0010_20250901T074000.flac
2025-09-01T07:50:00Z,https://files.obsea.es/acoustics/audio/naxys/2025/09/01/NAXYSSN0010_20250901T075000.flac
2025-09-01T08:00:00Z,https://files.obsea.es/acoustics/audio/naxys/2025/09/01/NAXYSSN0010_20250901T080000.flac
2025-09-01T08:10:00Z,https://files.obsea.es/acoustics/audio/naxys/2025/09/01/NAXYSSN0010_20250901T081000.flac
2025-09-01T08:20:00Z,https://files.obsea.es/acoustics/audio/naxys/2025/09/01/NAXYSSN0010_20250901T082000.flac
2025-09-01T08:30:00Z,https://files.obsea.es/acoustics/audio/naxys/2025/09/01/NAXYSSN0010_20250901T083000.flac
2025-09-01T08:40:00Z,https://files.obsea.es/acoustics/audio/naxys/2025/09/01/NAXYSSN0010_20250901T084000.flac
2025-09-01T08:50:00Z,https://files.obsea.es/acoustics/audio/naxys/2025/09/01/NAXYSSN0010_20250901T085000.flac
2025-09-01T09:00:00Z,https://files.obsea.es/acoustics/audio/naxys/2025/09/01/NAXYSSN0010_20250901T090000.flac
2025-09-01T09:10:00Z,https://files.obsea.es/acoustics/audio/naxys/2025/09/01/NAXYSSN0010_20250901T091000.flac
2025-09-01T09:20:00Z,https://files.obsea.es/acoustics/audio/naxys/2025/09/01/NAXYSSN0010_20250901T092000.flac
2025-09-01T09:30:00Z,https://files.obsea.es/acoustics/audio/naxys/2025/09/01/NAXYSSN0010_20250901T093000.flac
2025-09-01T09:40:00Z,https://files.obsea.es/acoustics/audio/naxys/2025/09/01/NAXYSSN0010_20250901T094000.flac
2025-09-01T09:50:00Z,https://files.obsea.es/acoustics/audio/naxys/2025/09/01/NAXYSSN0010_20250901T095000.flac
2025-09-01T10:00:00Z,https://files.obsea.es/acoustics/audio/naxys/2025/09/01/NAXYSSN0010_20250901T100000.flac
2025-09-01T10:10:00Z,https://files.obsea.es/acoustics/audio/naxys/2025/09/01/NAXYSSN0010_20250901T101000.flac
2025-09-01T10:20:00Z,https://files.obsea.es/acoustics/audio/naxys/2025/09/01/NAXYSSN0010_20250901T102000.flac
2025-09-01T10:30:00Z,https://files.obsea.es/acoustics/audio/naxys/2025/09/01/NAXYSSN0010_20250901T103000.flac
2025-09-01T10:40:00Z,https://files.obsea.es/acoustics/audio/naxys/2025/09/01/NAXYSSN0010_20250901T104000.flac
2025-09-01T10:50:00Z,https://files.obsea.es/acoustics/audio/naxys/2025/09/01/NAXYSSN0010_20250901T105000.flac
2025-09-01T11:00:00Z,https://files.obsea.es/acoustics/audio/naxys/2025/09/01/NAXYSSN0010_20250901T110000.flac
2025-09-01T11:10:00Z,https://files.obsea.es/acoustics/audio/naxys/2025/09/01/NAXYSSN0010_20250901T111000.flac
2025-09-01T11:20:00Z,https://files.obsea.es/acoustics/audio/naxys/2025/09/01/NAXYSSN0010_20250901T112000.flac
2025-09-01T11:30:00Z,https://files.obsea.es/acoustics/audio/naxys/2025/09/01/NAXYSSN0010_20250901T113000.flac
2025-09-01T11:40:00Z,https://files.obsea.es/acoustics/audio/naxys/2025/09/01/NAXYSSN0010_20250901T114000.flac
2025-09-01T11:50:00Z,https://files.obsea.es/acoustics/audio/naxys/2025/09/01/NAXYSSN0010_20250901T115000.flac
2025-09-01T12:00:00Z,https://files.obsea.es/acoustics/audio/naxys/2025/09/01/NAXYSSN0010_20250901T120000.flac
2025-09-01T12:10:00Z,https://files.obsea.es/acoustics/audio/naxys/2025/09/01/NAXYSSN0010_20250901T121000.flac
2025-09-01T12:20:00Z,https://files.obsea.es/acoustics/audio/naxys/2025/09/01/NAXYSSN0010_20250901T122000.flac
2025-09-01T12:30:00Z,https://files.obsea.es/acoustics/audio/naxys/2025/09/01/NAXYSSN0010_20250901T123000.flac
2025-09-01T12:40:00Z,https://files.obsea.es/acoustics/audio/naxys/2025/09/01/NAXYSSN0010_20250901T124000.flac
2025-09-01T12:50:00Z,https://files.obsea.es/acoustics/audio/naxys/2025/09/01/NAXYSSN0010_20250901T125000.flac
2025-09-01T13:00:00Z,https://files.obsea.es/acoustics/audio/naxys/2025/09/01/NAXYSSN0010_20250901T130000.flac
2025-09-01T13:10:00Z,https://files.obsea.es/acoustics/audio/naxys/2025/09/01/NAXYSSN0010_20250901T131000.flac
2025-09-01T13:20:00Z,https://files.obsea.es/acoustics/audio/naxys/2025/09/01/NAXYSSN0010_20250901T132000.flac
2025-09-01T13:30:00Z,https://files.obsea.es/acoustics/audio/naxys/2025/09/01/NAXYSSN0010_20250901T133000.flac
2025-09-01T13:40:00Z,https://files.obsea.es/acoustics/audio/naxys/2025/09/01/NAXYSSN0010_20250901T134000.flac
2025-09-01T13:50:00Z,https://files.obsea.es/acoustics/audio/naxys/2025/09/01/NAXYSSN0010_20250901T135000.flac
2025-09-01T14:00:00Z,https://files.obsea.es/acoustics/audio/naxys/2025/09/01/NAXYSSN0010_20250901T140000.flac
2025-09-01T14:10:00Z,https://files.obsea.es/acoustics/audio/naxys/2025/09/01/NAXYSSN0010_20250901T141000.flac
2025-09-01T14:20:00Z,https://files.obsea.es/acoustics/audio/naxys/2025/09/01/NAXYSSN0010_20250901T142000.flac
2025-09-01T14:30:00Z,https://files.obsea.es/acoustics/audio/naxys/2025/09/01/NAXYSSN0010_20250901T143000.flac
2025-09-01T14:40:00Z,https://files.obsea.es/acoustics/audio/naxys/2025/09/01/NAXYSSN0010_20250901T144000.flac
2025-09-01T14:50:00Z,https://files.obsea.es/acoustics/audio/naxys/2025/09/01/NAXYSSN0010_20250901T145000.flac
2025-09-01T15:00:00Z,https://files.obsea.es/acoustics/audio/naxys/2025/09/01/NAXYSSN0010_20250901T150000.flac
2025-09-01T15:10:00Z,https://files.obsea.es/acoustics/audio/naxys/2025/09/01/NAXYSSN0010_20250901T151000.flac
2025-09-01T15:20:00Z,https://files.obsea.es/acoustics/audio/naxys/2025/09/01/NAXYSSN0010_20250901T152000.flac
2025-09-01T15:30:00Z,https://files.obsea.es/acoustics/audio/naxys/2025/09/01/NAXYSSN0010_20250901T153000.flac
2025-09-01T15:40:00Z,https://files.obsea.es/acoustics/audio/naxys/2025/09/01/NAXYSSN0010_20250901T154000.flac
2025-09-01T15:50:00Z,https://files.obsea.es/acoustics/audio/naxys/2025/09/01/NAXYSSN0010_20250901T155000.flac
2025-09-01T16:00:00Z,https://files.obsea.es/acoustics/audio/naxys/2025/09/01/NAXYSSN0010_20250901T160000.flac
2025-09-01T16:10:00Z,https://files.obsea.es/acoustics/audio/naxys/2025/09/01/NAXYSSN0010_20250901T161000.flac
2025-09-01T16:20:00Z,https://files.obsea.es/acoustics/audio/naxys/2025/09/01/NAXYSSN0010_20250901T162000.flac
2025-09-01T16:30:00Z,https://files.obsea.es/acoustics/audio/naxys/2025/09/01/NAXYSSN0010_20250901T163000.flac
2025-09-01T16:40:00Z,https://files.obsea.es/acoustics/audio/naxys/2025/09/01/NAXYSSN0010_20250901T164000.flac
2025-09-01T16:50:00Z,https://files.obsea.es/acoustics/audio/naxys/2025/09/01/NAXYSSN0010_20250901T165000.flac
2025-09-01T17:00:00Z,https://files.obsea.es/acoustics/audio/naxys/2025/09/01/NAXYSSN0010_20250901T170000.flac
2025-09-01T17:10:00Z,https://files.obsea.es/acoustics/audio/naxys/2025/09/01/NAXYSSN0010_20250901T171000.flac
2025-09-01T17:20:00Z,https://files.obsea.es/acoustics/audio/naxys/2025/09/01/NAXYSSN0010_20250901T172000.flac
2025-09-01T17:30:00Z,https://files.obsea.es/acoustics/audio/naxys/2025/09/01/NAXYSSN0010_20250901T173000.flac
2025-09-01T17:40:00Z,https://files.obsea.es/acoustics/audio/naxys/2025/09/01/NAXYSSN0010_20250901T174000.flac
2025-09-01T17:50:00Z,https://files.obsea.es/acoustics/audio/naxys/2025/09/01/NAXYSSN0010_20250901T175000.flac
2025-09-01T18:00:00Z,https://files.obsea.es/acoustics/audio/naxys/2025/09/01/NAXYSSN0010_20250901T180000.flac
2025-09-01T18:10:00Z,https://files.obsea.es/acoustics/audio/naxys/2025/09/01/NAXYSSN0010_20250901T181000.flac
2025-09-01T18:20:00Z,https://files.obsea.es/acoustics/audio/naxys/2025/09/01/NAXYSSN0010_20250901T182000.flac
2025-09-01T18:30:00Z,https://files.obsea.es/acoustics/audio/naxys/2025/09/01/NAXYSSN0010_20250901T183000.flac
2025-09-01T18:40:00Z,https://files.obsea.es/acoustics/audio/naxys/2025/09/01/NAXYSSN0010_20250901T184000.flac
2025-09-01T18:50:00Z,https://files.obsea.es/acoustics/audio/naxys/2025/09/01/NAXYSSN0010_20250901T185000.flac
2025-09-01T19:00:00Z,https://files.obsea.es/acoustics/audio/naxys/2025/09/01/NAXYSSN0010_20250901T190000.flac
2025-09-01T19:10:00Z,https://files.obsea.es/acoustics/audio/naxys/2025/09/01/NAXYSSN0010_20250901T191000.flac
2025-09-01T19:20:00Z,https://files.obsea.es/acoustics/audio/naxys/2025/09/01/NAXYSSN0010_20250901T192000.flac
2025-09-01T19:30:00Z,https://files.obsea.es/acoustics/audio/naxys/2025/09/01/NAXYSSN0010_20250901T193000.flac
2025-09-01T19:40:00Z,https://files.obsea.es/acoustics/audio/naxys/2025/09/01/NAXYSSN0010_20250901T194000.flac
2025-09-01T19:50:00Z,https://files.obsea.es/acoustics/audio/naxys/2025/09/01/NAXYSSN0010_20250901T195000.flac
2025-09-01T20:00:00Z,https://files.obsea.es/acoustics/audio/naxys/2025/09/01/NAXYSSN0010_20250901T200000.flac
2025-09-01T20:10:00Z,https://files.obsea.es/acoustics/audio/naxys/2025/09/01/NAXYSSN0010_20250901T201000.flac
2025-09-01T20:20:00Z,https://files.obsea.es/acoustics/audio/naxys/2025/09/01/NAXYSSN0010_20250901T202000.flac
2025-09-01T20:30:00Z,https://files.obsea.es/acoustics/audio/naxys/2025/09/01/NAXYSSN0010_20250901T203000.flac
2025-09-01T20:40:00Z,https://files.obsea.es/acoustics/audio/naxys/2025/09/01/NAXYSSN0010_20250901T204000.flac
2025-09-01T20:50:00Z,https://files.obsea.es/acoustics/audio/naxys/2025/09/01/NAXYSSN0010_20250901T205000.flac
2025-09-01T21:00:00Z,https://files.obsea.es/acoustics/audio/naxys/2025/09/01/NAXYSSN0010_20250901T210000.flac
2025-09-01T21:10:00Z,https://files.obsea.es/acoustics/audio/naxys/2025/09/01/NAXYSSN0010_20250901T211000.flac
2025-09-01T21:20:00Z,https://files.obsea.es/acoustics/audio/naxys/2025/09/01/NAXYSSN0010_20250901T212000.flac
2025-09-01T21:30:00Z,https://files.obsea.es/acoustics/audio/naxys/2025/09/01/NAXYSSN0010_20250901T213000.flac
2025-09-01T21:40:00Z,https://files.obsea.es/acoustics/audio/naxys/2025/09/01/NAXYSSN0010_20250901T214000.flac
2025-09-01T21:50:00Z,https://files.obsea.es/acoustics/audio/naxys/2025/09/01/NAXYSSN0010_20250901T215000.flac
2025-09-01T22:00:00Z,https://files.obsea.es/acoustics/audio/naxys/2025/09/01/NAXYSSN0010_20250901T220000.flac
2025-09-01T22:10:00Z,https://files.obsea.es/acoustics/audio/naxys/2025/09/01/NAXYSSN0010_20250901T221000.flac
2025-09-01T22:20:00Z,https://files.obsea.es/acoustics/audio/naxys/2025/09/01/NAXYSSN0010_20250901T222000.flac
2025-09-01T22:30:00Z,https://files.obsea.es/acoustics/audio/naxys/2025/09/01/NAXYSSN0010_20250901T223000.flac
2025-09-01T22:40:00Z,https://files.obsea.es/acoustics/audio/naxys/2025/09/01/NAXYSSN0010_20250901T224000.flac
2025-09-01T22:50:00Z,https://files.obsea.es/acoustics/audio/naxys/2025/09/01/NAXYSSN0010_20250901T225000.flac
2025-09-01T23:00:00Z,https://files.obsea.es/acoustics/audio/naxys/2025/09/01/NAXYSSN0010_20250901T230000.flac
2025-09-01T23:10:00Z,https://files.obsea.es/acoustics/audio/naxys/2025/09/01/NAXYSSN0010_20250901T231000.flac
2025-09-01T23:20:00Z,https://files.obsea.es/acoustics/audio/naxys/2025/09/01/NAXYSSN0010_20250901T232000.flac
2025-09-01T23:30:00Z,https://files.obsea.es/acoustics/audio/naxys/2025/09/01/NAXYSSN0010_20250901T233000.flac
2025-09-01T23:40:00Z,https://files.obsea.es/acoustics/audio/naxys/2025/09/01/NAXYSSN0010_20250901T234000.flac
2025-09-01T23:50:00Z,https://files.obsea.es/acoustics/audio/naxys/2025/09/01/NAXYSSN0010_20250901T235000.flac
